{
	"pages": [ //pages数组中第一项表示应用启动页，参考：https://uniapp.dcloud.io/collocation/pages
		{
			"path": "pages/index/index",
			"style": {
				"navigationBarTitleText": "首页"
			}
		},
		{
			"path": "pages/tree/accordion",
			"style": {
				"navigationBarTitleText": "手风琴模式"
			}
		},
		{
			"path": "pages/tree/base",
			"style": {
				"navigationBarTitleText": "基本用法"
			}
		},
		{
			"path": "pages/tree/disabled",
			"style": {
				"navigationBarTitleText": "禁用状态"
			}
		},
		{
			"path": "pages/tree/expandAndSelect",
			"style": {
				"navigationBarTitleText": "默认展开和默认选中"
			}
		},
		{
			"path": "pages/tree/filter",
			"style": {
				"navigationBarTitleText": "节点过滤"
			}
		},
		{
			"path": "pages/tree/filterNode",
			"style": {
				"navigationBarTitleText": "过滤指定节点"
			}
		},
		{
			"path": "pages/tree/lazy",
			"style": {
				"navigationBarTitleText": "懒加载自定义叶子节点"
			}
		},
		{
			"path": "pages/tree/nodeSelect",
			"style": {
				"navigationBarTitleText": "树节点的选择"
			}
		},
		{
			"path": "pages/tree/radio",
			"style": {
				"navigationBarTitleText": "树节点的单选"
			}
		},
		{
			"path": "pages/tree/selectable",
			"style": {
				"navigationBarTitleText": "可选择"
			}
		},
		{
			"path": "pages/tree/checkOnlyLeaf",
			"style": {
				"navigationBarTitleText": "仅叶子节点可选择"
			}
		},
		{
			"path": "pages/tree/icon",
			"style": {
				"navigationBarTitleText": "节点图标"
			}
		},
		{
			"path": "pages/tree/treeModal",
			"style": {
				"navigationBarTitleText": "弹框中使用树组件"
			}
		},
		{
			"path": "pages/tree/controlLoading",
			"style": {
				"navigationBarTitleText": "自主控制loading状态"
			}
		},
		{
			"path": "pages/tree/propsConfig",
			"style": {
				"navigationBarTitleText": "props属性配置"
			}
		},
		{
			"path": "pages/tree/controlExpand",
			"style": {
				"navigationBarTitleText": "开关控制全部展开/折叠"
			}
		},
		{
			"path": "pages/tree/checkAll",
			"style": {
				"navigationBarTitleText": "全部选中/取消选中"
			}
		},
		{
			"path": "pages/tree/deltable",
			"style": {
				"navigationBarTitleText": "点选择框删除"
			}
		},
		{
			"path": "pages/tree/setCurrent",
			"style": {
				"navigationBarTitleText": "设置当前节点"
			}
		}
	],
	"globalStyle": {
		"navigationBarTextStyle": "black",
		"navigationBarTitleText": "ly-demo",
		"navigationBarBackgroundColor": "#F3F4F5",
		"backgroundColor": "#FFFFFF",
		"usingComponents": {
			"ly-tree-node": "/components/ly-tree-nvue/ly-tree-node"
		}
	}
}
